live_id,species,content,label,background
140673020,生活日杂,床头柜,1,该用户可能是在询问或暗示对直播中展示的床头柜产品感兴趣，想了解详情或购买。
140673020,生活日杂,要床垫,1,该用户可能是在询问或表达想要购买与之前提到的床头柜配套的床垫。
140673020,生活日杂,要床头柜,1,该用户想表达的是对床头柜这款商品有明确的购买意向。
140673020,生活日杂,要床,1,该用户想表达的是对直播中展示的床具有购买意向。
140673020,生活日杂,啥也要,0,该用户想表达的是对前面提到的所有商品都感兴趣，想要全部购买。
140673020,生活日杂,要全套,1,该用户想表达的是对直播间展示的整套家居产品都有购买意愿。
140673020,生活日杂,要抽屉,1,该用户想表达的是对直播中展示的抽屉款家具的购买意愿。
140673020,生活日杂,啥都很好,0,该用户想表达的是对直播展示的所有商品都很满意，有强烈的购买意愿。
140673020,生活日杂,主播好,0,该用户是在对主播的推荐和展示表示认可与赞赏，暗示对产品整体满意并可能产生购买意向。
140673020,生活日杂,床垫什么材质,1,该用户想询问床垫的具体材质信息以评估是否符合自己的购买需求。
140673020,生活日杂,有这样的沙发么,1,该用户是在询问直播间是否有类似风格或款式的沙发可供购买。
140673020,生活日杂,可以延期发货吗,0,该用户有意购买商品但希望协商调整发货时间。
140673020,生活日杂,看看侧面,1,该用户想进一步了解产品的外观细节，可能是对展示的家具（如床或床头柜）的侧面设计产生了兴趣。
140673020,生活日杂,要你穿的外套,1,该用户想表达的是对主播展示的外套感兴趣并有意购买。
140673020,生活日杂,祝美女好运[玫瑰][玫瑰][玫瑰][玫瑰],0,该用户是在友好互动的同时含蓄表达对主播的喜爱和支持，而非直接表露购买意向。
140673020,生活日杂,支持支持支持支持,0,该用户想表达的含义是：对主播或产品表示强烈的认同和鼓励，可能隐含继续关注或支持的意愿。
140673020,生活日杂,有电视吗,1,该用户是在询问直播间是否有电视商品出售。
140673020,生活日杂,给力给力给力给力给力给力,0,该用户想表达的含义是：对直播间的产品或促销活动感到非常兴奋和满意，强烈认可并可能有意向购买。
140673020,生活日杂,子母床,1,该用户想表达的含义是：询问直播间是否有子母床这款产品可供购买。  （结合前文弹幕中频繁出现的家具类需求，如床、床头柜、床垫等，可推断用户正在关注卧室家具，且语境偏向直接询问商品信息，因此“子母床”更可能是具体产品询问而非单纯讨论。）
140673020,生活日杂,大家好,0,该用户可能是刚进入直播间，礼貌性地向主播和其他观众打招呼，尚未表现出明确的购买意向。
140673020,生活日杂,要单独的床垫,1,该用户想表达的是对直播中展示的床垫有明确的购买意向，希望单独购买床垫而非搭配其他家具。
140673020,生活日杂,能延迟发货吗,0,该用户可能因实际需求（如搬家时间未定或临时仓储问题）希望协商调整商品配送时间，属于潜在成交前的 logistics 确认。
140673020,生活日杂,枕头呢,1,该用户是在询问直播中是否有展示或售卖枕头的产品。
140673020,生活日杂,有薄床垫吗,1,该用户是在询问直播间是否有厚度较薄的床垫款式可供选购。
140673020,生活日杂,有单独床垫么,1,该用户是在询问直播间是否有不包含其他配套家具、仅单独售卖的床垫产品。
140673020,生活日杂,什么时候发货,0,该用户想确认商品的发货时间以便安排收货事宜。
140673020,生活日杂,你穿的裤子有吗,1,该用户想询问主播身上穿的裤子是否在售。
140673020,生活日杂,拍了什么时候发,0,该用户想确认自己下单后商品的预计发货时间。
140673020,生活日杂,主播你穿的裤子有吗,1,该用户想询问主播身上穿的裤子是否在售。
140673020,生活日杂,今天有薄床垫吗,1,该用户是在询问直播间当前是否有薄款床垫在售，表现出明确的购买意向和产品需求。
140673020,生活日杂,要床垫,1,该用户想表达的含义是：询问直播间是否有单独的床垫可供购买。
140673020,生活日杂,单独床垫,1,该用户想询问直播中是否有不包含床架的独立床垫产品出售。
140673020,生活日杂,咋领国补,0,该用户想询问如何领取国家补贴以购买商品。
140673020,生活日杂,看看床头,1,该用户可能是在询问直播间是否有展示或售卖床头相关的家具产品。
140673020,生活日杂,茶吧机有吗,1,该用户是在询问直播间是否有售卖茶吧机这一商品。
140673020,生活日杂,带液压杆吗,1,该用户是在询问商品（可能是家具类产品如床或柜子）是否配备液压杆配件。
140673020,生活日杂,有茶吧机吗,1,该用户是在询问直播间是否有售卖茶吧机这一商品。
140673020,生活日杂,真划算,0,该用户认为当前推荐的商品价格优惠力度大，产生了明显的购买冲动。
140673020,生活日杂,单买枕头,1,该用户想询问是否可以单独购买枕头而不需要搭配其他商品。
140673020,生活日杂,支持支持支持支持支持,0,该用户想表达的含义是：对主播或产品表示强烈的认可和鼓励，但并未直接表达具体的购买意向。
140673020,生活日杂,支持支持支持支持支持支持支持支持支持,0,该用户想表达的含义是：对主播或产品表示强烈的认可和鼓励。
140673020,生活日杂,门锁有运费险吗,0,该用户想确认购买门锁后若需退换是否能享受免运费保障。
140673020,生活日杂,有拼接床吗,1,该用户是在询问直播间是否有拼接款式的床具产品。
140673020,生活日杂,有儿童垫子吗,1,该用户是在询问直播间是否有适合儿童使用的垫子产品。
140673020,生活日杂,要床垫,1,该用户想表达的含义是：对直播中展示的床垫产品有明确的购买意向。
140673020,生活日杂,还有其他颜色吗,1,该用户对当前展示的商品感兴趣，想了解是否有更多颜色可选以便做出购买决定。
140673020,生活日杂,可以延长发货吗,0,该用户可能是在确认购买后能否推迟发货时间，以便更好地安排收货事宜。
140673020,生活日杂,床垫是ab面吗,1,该用户是在询问床垫是否具备正反两面不同的材质或功能设计。
140673020,生活日杂,免费送到家里吗,1,该用户想确认商品是否提供免费送货上门的服务。
140673020,生活日杂,可以延迟发货吗,0,该用户可能是在询问商品是否支持推迟配送时间，以便根据自己的需求安排收货。
140673020,生活日杂,什么颜色啊,1,该用户想询问当前展示的商品是否有其他颜色可选。
140673020,生活日杂,免安装吗,1,该用户是在询问产品是否需要组装或安装步骤。
140673020,生活日杂,乳胶枕有链接吗,1,该用户对乳胶枕产生了购买意向，正在询问购买渠道以便下单。
140673020,生活日杂,支持支持支持支持支持,0,该用户想表达的含义是：对主播或产品表示强烈的认可和鼓励。
140673020,生活日杂,给力给力给力给力,0,该用户想表达的含义是：对直播间的促销力度或产品展示感到非常兴奋和满意。
140673020,生活日杂,我买了,0,该用户想表达的含义是：我已经下单购买了这款产品。
140673020,生活日杂,有沙发床吗,1,该用户是在询问直播间是否有沙发床这一商品在售。
140673020,生活日杂,我去年买的哎,0,该用户想表达的含义是：自己曾经购买过该产品，暗示对商品有一定了解和信任。
140673020,生活日杂,甘肃省天水市麦积区限地区,0,该用户可能在询问商品是否支持配送至甘肃省天水市麦积区，或确认该地区是否属于活动范围。
140673020,生活日杂,支持支持支持支持,0,该用户想表达的含义是：对主播或产品表示积极的认可和鼓励。
140673020,生活日杂,燃气灶,1,该用户可能在询问直播间是否有燃气灶产品出售或想了解相关产品信息。
140673020,生活日杂,支持支持支持支持支持支持支持支持支持支持支持支持,0,该用户想表达的含义是：对主播或产品表示强烈的认同和鼓励。
140673020,生活日杂,给力给力给力给力给力给力,0,该用户想表达的含义是：对直播内容或产品感到非常兴奋和满意，用重复的夸赞表达强烈认可。
140673020,生活日杂,包安装吗,1,该用户可能是在确认商品是否包含安装服务，以评估购买的便利性和额外成本。
140673020,生活日杂,有电视吗,1,该用户可能在询问直播间是否有电视产品在售或相关优惠信息。
140673020,生活日杂,国补怎么弄,1,该用户是在询问如何申请或参与国家补贴的购买优惠。
140673020,生活日杂,黑色床,1,该用户可能在询问产品是否有黑色款式的床。
140673020,生活日杂,黄金有吗,1,该用户是在询问直播间是否售卖黄金类商品。
140673020,生活日杂,怎么领卷,0,该用户想询问领取优惠券的具体操作方法。
140673020,生活日杂,就等他了,0,该用户想表达的含义是：一直在等待这款产品的出现，现在终于等到了。
140673020,生活日杂,什么时候发货,0,该用户想表达的含义是：询问商品下单后的配送时间，显示出对购买流程的后续关注。
140673020,生活日杂,哈哈哈哈哈哈哈哈哈哈哈哈好哈哈哈哈哈哈,0,该用户可能在表达对直播内容的强烈娱乐性反馈，通过夸张的笑声传递对主播幽默表现或有趣互动的认可，而非直接表达购买意向。
140673020,生活日杂,扫地机,1,该用户可能是在询问直播间是否有扫地机器人产品，或是表达对扫地机类商品的兴趣和关注。
140673020,生活日杂,骑车去[龇牙][龇牙][龇牙][龇牙][龇牙],0,该用户可能是看到直播间讨论骑行相关产品或户外装备时，用夸张表情表达对骑行活动的兴奋或对相关商品的兴趣。
140673020,生活日杂,除螨仪,1,该用户可能是在询问或暗示对除螨仪产品的购买意向，类似于“这款除螨仪有什么功能/优惠吗？”或“我想了解一下除螨仪”。  （结合前文弹幕中频繁出现的商品询问（如“燃气灶”“扫地机”“黑色床”）和购买相关讨论（如“我买了”“怎么领券”），该弹幕更可能是对商品的兴趣表达，而非单纯提及关键词。）
140673020,生活日杂,你的外套,0,该用户可能是在询问主播身上所穿外套的商品信息或购买链接。
140673020,生活日杂,陪着陪着,0,该用户想表达的含义是：虽然暂时没有明确的购买意向，但持续观看直播并保持互动参与感。
140673020,生活日杂,支持支持支持支持,0,该用户想表达的含义是：对主播或产品表示积极的鼓励和认可。
140673020,生活日杂,外套外套外套外套外套外套外套外套外套,1,"该用户可能是在强烈表达对主播展示的外套商品的兴趣或催促主播详细介绍/上架该产品。  （分析依据：前文弹幕中已出现""你的外套""的指向性内容，且目标用户通过重复关键词的典型直播互动行为，传递急切关注情绪，符合电商直播中用户高频刷屏求购的常见动机。）"
140673020,生活日杂,扫地机器人,1,该用户可能是在询问或关注直播间是否在介绍或销售扫地机器人产品。
140673020,生活日杂,山地机器人,1,该用户可能在询问或表达对直播中提到的“山地机器人”产品的兴趣或疑问。
140673020,生活日杂,茶吧机有吗,1,该用户想询问直播间是否有售卖茶吧机这一产品。
140673020,生活日杂,外套外套外套外套外套外套外套外套外套外套外套外套外套外套外套外套,1,该用户急切地想要了解或购买直播中展示的外套产品。
140673020,生活日杂,园型茶几,1,该用户可能在询问直播间是否有圆形茶几这款商品。
140673020,生活日杂,我家里有这个,0,该用户想表达的含义是：我对当前展示的商品不感兴趣，因为已经拥有同类产品。
140673020,生活日杂,"园型茶几,园型茶几",1,该用户可能在询问或强调直播间是否有圆形茶几这款商品，并表现出明确的购买意向。
140673020,生活日杂,支持支持支持,0,该用户想表达的含义是：对主播或商品表示积极的鼓励和认可。
140673020,生活日杂,支持支持支持支持支持,0,该用户想表达的含义是：通过重复刷屏的方式表达对主播或商品的强烈支持和喜爱。
140673020,生活日杂,床还有其他款么,1,该用户想表达的含义是：询问主播是否还有更多不同款式的床可供选择。
140673020,生活日杂,电风扇,1,该用户可能在询问直播间是否有电风扇商品或对其产生购买兴趣。
140673020,生活日杂,我想问头发怎么处理,0,该用户可能在询问直播中展示的某款产品（如洗发水、护发产品或美发工具）的使用方法或效果。
140673020,生活日杂,大历害了,0,该用户想表达的含义是：对直播中展示的产品或表演感到非常惊叹和赞赏。
140673020,生活日杂,如何清洗洗地机,1,该用户可能对洗地机产品感兴趣，想了解具体的使用维护方法以便做出购买决策。
140673020,生活日杂,都留印了,0,该用户可能是在抱怨产品使用后留下了明显痕迹，暗示对质量或效果的担忧。
140673020,生活日杂,地半可以吗,1,该用户可能是在询问直播中提到的“扫地机器人”是否有“半价”或折扣优惠。
140673020,生活日杂,要外套,1,该用户想表达的是对直播中展示的外套有明确的购买意向。
140673020,生活日杂,木地板可以吗,1,该用户可能是在询问直播展示的产品是否适用于木地板材质的地面。
140673020,生活日杂,电池怎么样,1,该用户可能是在询问直播中展示的某款电子产品的电池性能或续航表现。
140673020,生活日杂,怎么清洗,1,该用户想询问直播中展示的商品（可能是洗地机或其他清洁用品）的具体清洗方法或注意事项。
140673020,生活日杂,拖地的,1,该用户可能在询问直播中展示的产品是否适用于拖地功能，或想了解与拖地相关的商品信息。
140673020,生活日杂,棒棒的[赞],0,该用户可能是在对主播展示的商品或讲解内容表示赞赏和认可。
140673020,生活日杂,木地板可以用吗,1,该用户是在询问直播展示的产品是否适用于木地板材质的地面。
140673020,生活日杂,拖地机,1,该用户可能是在询问当前展示的拖地机产品是否适用于自家地面清洁需求，或是想了解产品的具体功能和使用效果。
140673020,生活日杂,有油怎么办,1,该用户可能在询问直播中展示的清洁产品（如拖地机或洗地机）遇到油渍时的处理方法。
140673020,生活日杂,"旮旯里面,怎么整",1,该用户可能是在询问产品在角落等难以清理的狭窄区域如何使用或是否有效。
140673020,生活日杂,牛厉害,0,该用户想表达的含义是：对直播中展示的产品效果或功能表示惊叹和赞赏。
140673020,生活日杂,支持支持,0,该用户想表达的含义是：对主播或产品表示鼓励和认可。
140673020,生活日杂,怎么加水,1,该用户想询问如何给直播中展示的清洁设备（如洗地机或拖地机）添加水或清洁液。
140673020,生活日杂,油可以吗,1,该用户是在询问直播中展示的产品（可能是清洁工具）是否适用于清理油污。
140673020,生活日杂,适合腰间盘的我,0,该用户可能是在询问直播展示的产品是否适合缓解腰椎间盘问题。
140673020,生活日杂,有饮水机吗,1,该用户是在询问直播间是否有售卖饮水机产品。
140673020,生活日杂,是无线的吗,1,该用户是在询问产品是否具备无线功能，可能是出于对使用便捷性和灵活性的关注。
140673020,生活日杂,我好运来,0,该用户可能是在表达对产品效果的认可或期待好运降临能抢到优惠。
140673020,生活日杂,这个我买啦,0,该用户明确表达了对直播中展示的商品的购买意愿，表示自己决定下单购买。
140673020,生活日杂,外套挺好看,1,该用户觉得展示的外套款式不错，可能有购买意向。
140673020,生活日杂,geil,0,该用户想表达的含义是：这款产品看起来很棒，我很喜欢。  （结合前文弹幕的积极反馈和购买意向，如“棒棒的[赞]”“这个我买啦”等，推测“geil”可能是德语或网络用语中表示“很酷”“厉害”的赞叹，表达对产品的认可或兴趣。）
140673020,生活日杂,省事省力[赞],0,该用户想表达的含义是：这款产品使用起来方便高效，让人满意。
140673020,生活日杂,非常好用,0,该用户是在称赞产品的使用体验令人满意。
140673020,生活日杂,扫地机器人,1,该用户可能是在询问或关注直播中提到的扫地机器人的相关信息或功能。
140673020,生活日杂,地板可以吗,1,该用户是在询问产品是否适用于地板清洁的场景。
140673020,生活日杂,瓷砖顽固污渍好使吗,1,该用户是在询问该产品是否能有效清洁瓷砖上的顽固污渍，表现出对产品具体功能的关注和潜在的购买意向。
140673020,生活日杂,是真好[龇牙][龇牙],0,该用户想表达的含义是：对当前直播展示的产品效果或功能表示高度认可和赞赏。
140673020,生活日杂,怎么弄出来,0,该用户可能是在询问当前展示的产品（如拖地机或扫地机器人）的具体操作步骤或使用方法。
140673020,生活日杂,正想买,1,该用户看到直播中展示的商品恰好符合自己的需求，产生了明确的购买意向。
140673020,生活日杂,放蚝油,0,该用户可能在询问直播中展示的产品（可能是清洁剂或厨房用品）是否需要添加蚝油来使用或增强效果。
140673020,生活日杂,地板能用吗,1,该用户是在询问产品是否适用于地板清洁的场景。
140673020,生活日杂,怎么杀菌的,1,该用户可能在询问产品是否具备杀菌功能或具体的杀菌方式。
140673020,生活日杂,怎么洗它,1,该用户想询问该产品的清洗方法或使用后的清洁步骤。
140673020,生活日杂,想要皮衣,1,该用户被直播中的皮衣吸引，产生了明确的购买意向。
140673020,生活日杂,自清洗里面要加清洁剂吗,1,该用户是在询问产品（可能是自清洗设备或清洁工具）的使用方法，关心是否需要额外添加清洁剂才能实现自清洁功能。
140673020,生活日杂,能躺平吗,0,该用户可能在询问产品（如扫地机器人）是否具备自动待机或低功耗模式的功能。
140673020,生活日杂,怎么装水的,1,该用户是在询问产品的注水或使用方法，可能是对产品的操作细节存在疑惑。
140673020,生活日杂,脏污那个怎么清理,1,该用户是在询问直播展示的产品如何处理顽固污渍的清洁问题。
140673020,生活日杂,可以自动充电吗,1,该用户是在询问产品是否具备自动充电功能。
140673020,生活日杂,怎么清洗,1,该用户是在询问直播展示的清洁类产品（如扫地机器人或清洁设备）的具体清洗方法或操作步骤。
140673020,生活日杂,脏水怎么扔,1,该用户想询问产品如何处理清理过程中收集的污水或污物。
140673020,生活日杂,几年质保,1,该用户想询问产品的售后保修期限，以评估长期使用保障。
140673020,生活日杂,扫地机器人,1,该用户可能是在询问或确认当前直播展示的产品是否为扫地机器人。
140673020,生活日杂,水怎么装进的,1,该用户是在询问扫地机器人的水箱注水方式或工作原理。
140673020,生活日杂,水怎么加,1,该用户是在询问产品使用过程中如何添加水或注水的具体操作步骤。
140673020,生活日杂,污水怎么处理,1,该用户是在询问直播展示的清洁产品使用后产生的污水该如何清理或排放。
140673020,生活日杂,木地板能拖吗,1,该用户可能在询问木地板是否适合使用该直播展示的清洁产品进行拖地清洁。
140673020,生活日杂,怎么倒出来,1,该用户想询问产品的液体倾倒方法或步骤。
140673020,生活日杂,补贴吗,0,该用户可能是在询问商品是否有价格优惠或促销活动。
140673020,生活日杂,地板能用吗,1,该用户是在询问产品是否适用于木地板材质的地面清洁。
140673020,生活日杂,怎么加水,1,该用户是在询问产品的注水操作步骤或方法。
140673020,生活日杂,污水怎么弄,1,该用户是在询问直播展示的产品如何处理使用过程中产生的污水。
140673020,生活日杂,声音大么,1,该用户是在询问产品（可能是扫地机器人或类似家电）的运行时音量大小。
140673020,生活日杂,有补贴吗,0,该用户是在询问该商品是否有优惠活动或价格折扣。
140673020,生活日杂,作业帮今天有吗,0,该用户可能在询问直播中是否有关于“作业帮”相关产品或服务的促销活动或介绍。
140673020,生活日杂,能放平吗,1,该用户是在询问产品是否具备放平的功能设计。
140673020,生活日杂,怎么倒水,1,该用户想询问如何将扫地机器人水箱中的污水倾倒出来。
140673020,生活日杂,能躺平么,0,该用户可能是在询问产品（如扫地机器人）是否可以完全放倒或平躺使用。
140673020,生活日杂,怎么换水,1,该用户是在询问扫地机器人水箱更换清洁用水的具体操作方法。
140673020,生活日杂,能躺平吗,0,该用户是在询问产品是否可以放倒或平放使用。
140673020,生活日杂,可以躺平吗,0,该用户是在询问产品（可能是扫地机器人）是否可以放倒或平躺使用。
140673020,生活日杂,脏水怎么处理出去,1,该用户是在询问直播中展示的清洁设备（如扫地机器人）产生的污水该如何清理或排放。
140673020,生活日杂,真会装了,0,该用户可能是在讽刺主播或产品演示过于做作或夸大其词，认为其表现不够真实自然。
140673020,生活日杂,脏水处理呢,1,该用户是在询问直播中展示的产品如何处理使用后产生的脏水。
140673020,生活日杂,脏水有个桶拿出来倒了就行了很方便我买过了[龇牙],0,该用户想表达的含义是：这款产品处理脏水很方便，自己已经购买并使用过。
140673020,生活日杂,@双胞胎欢乐脏水喝了,0,该用户是在调侃或吐槽产品的脏水处理功能，暗示操作起来可能不像宣传的那么方便轻松。
140673020,生活日杂,扫地机器人,1,该用户可能是在询问扫地机器人的具体功能或适用场景，表现出对产品的实际使用效果的关注和潜在购买意向。
140673020,生活日杂,可以躺平吗,0,该用户是在询问产品是否可以调整到完全平放的状态以供躺卧使用。
140673020,生活日杂,是平躺的嘛,1,该用户是在询问产品是否可以放平使用。
140673020,生活日杂,怎么用啥牌子的,1,该用户想询问当前展示的产品需要使用什么品牌的配件或耗材。
140673020,生活日杂,能洗地毯吗,1,该用户是在询问直播展示的产品是否具备清洗地毯的功能。
140673020,生活日杂,能平躺嘛,1,该用户是在询问产品（可能是扫地机器人或类似家居设备）是否具备平放或完全放平的功能。
140673020,生活日杂,能平躺吗,1,该用户可能在询问产品（如按摩椅、扫地机器人等）是否具备完全放平的功能。
140673020,生活日杂,能躺平吗,1,该用户是在询问直播展示的产品（可能是扫地机器人或类似家居用品）是否具备平放或水平放置的功能。
140673020,生活日杂,"给力,给力",0,该用户是在称赞直播中展示的产品功能或优惠活动非常吸引人，表达了对商品的认可和兴奋情绪。
140673020,生活日杂,适合适合适,0,该用户想表达的含义是：这款产品非常符合自己的需求和喜好。  （结合前文弹幕对产品功能的讨论，用户可能在强调产品能“躺平”或“倒水”等特性恰好满足其需求，用重复的“适”表达强烈认同。）
140673020,生活日杂,能躺平吗,1,该用户是在询问直播展示的商品是否具备平放或水平使用的功能。
140673020,生活日杂,我的订单有循环扇吗,0,该用户想确认自己已下单的商品中是否包含循环扇这一产品。
140673020,生活日杂,要风扇,1,该用户想表达的是对直播间正在展示的风扇产品有购买意向或询问相关信息。
140673020,生活日杂,送什么,1,该用户可能在询问直播中提到的赠品或促销活动具体包含哪些物品。
140673020,生活日杂,啥时发货,0,该用户想确认商品的发货时间，表现出对产品实际交付进度的关注和潜在的购买意向。
140673020,生活日杂,怎么加水,1,该用户可能在询问产品的具体使用方法或功能细节，比如如何给设备添加水或清洁液。
140673020,生活日杂,怎么清理洗地机,1,该用户想询问洗地机的清洁维护方法，可能是对产品使用细节感兴趣或考虑购买前想了解后续保养问题。
140673020,生活日杂,后面的送吗,1,该用户是在询问直播中后续展示的商品是否会作为赠品附送。
140673020,生活日杂,怎么领,1,该用户想询问如何领取直播间的优惠或赠品。
140673020,生活日杂,怎么清洗啊,1,该用户想询问产品的清洁方法或使用后的维护步骤。
140673020,生活日杂,怎么清洁,1,该用户想询问直播中展示的产品（可能是洗地机或扫地机器人）的具体清洁方法或步骤。
140673020,生活日杂,有电线吗,1,该用户可能在询问直播中展示的产品是否包含配套的电线配件。
140673020,生活日杂,能洗地毯吗,1,该用户是在询问直播中展示的产品是否具备清洗地毯的功能。
140673020,生活日杂,能平躺吗,1,该用户是在询问商品（可能是洗地机或类似家电）是否具备可平放或躺倒的设计功能。
140673020,生活日杂,怎么领国补,1,该用户想询问如何领取国家补贴或平台提供的优惠福利。
140673020,生活日杂,什么牌子,1,该用户想询问当前直播中展示的产品是什么品牌。
140673020,生活日杂,能放平吗,1,该用户是在询问直播展示的商品是否可以调节至完全平放的状态。
140673020,生活日杂,可以躺平吗,1,该用户想询问直播展示的产品是否具备平放或水平放置的功能。
140673020,生活日杂,充电吗,1,该用户可能在询问产品是否支持充电功能或是否需要插电使用。
140673020,生活日杂,循环扇都送吗,1,该用户是在询问直播间赠送的循环扇是否包含所有展示的型号或款式。
140673020,生活日杂,水渍大吗,1,该用户是在询问产品（可能是洗地机或类似清洁设备）在使用后残留的水渍是否明显。
140673020,生活日杂,是无线吗,1,该用户是在询问产品是否为无线设计。
140673020,生活日杂,售后去哪儿找,0,该用户想表达的含义是：咨询产品售后服务的具体联系渠道或方式。
140673020,生活日杂,怎么质保,1,该用户想询问产品的售后保修政策和具体保障措施。
140673020,生活日杂,怎么领补贴,1,该用户想询问如何获取直播中提到的商品优惠或补贴政策。
140673020,生活日杂,可以烘干么,1,该用户想询问产品是否具备烘干功能。
140673020,生活日杂,怎么领国补,1,该用户想询问如何领取国家提供的购买补贴。
140673020,生活日杂,追蜜好还是美的好,1,该用户是在询问“追蜜”和“美的”这两个品牌的同类产品哪个更值得购买。
140673020,生活日杂,风扇怎么买,1,该用户想询问购买该款风扇的具体方式或下单流程。
140673020,生活日杂,棍芯能单独买吗,1,该用户是在询问产品配件是否可以单独购买。
140673020,生活日杂,骆驼防嗮衣,1,该用户可能是在询问或确认直播间是否有售卖骆驼品牌的防晒衣。
140673020,生活日杂,在看看,0,该用户想表达的含义是：暂时保持观望态度，想进一步了解产品信息后再决定是否购买。
140673020,生活日杂,污水怎么处理,1,该用户可能在询问产品是否具备处理污水功能或相关清洁能力。
140673020,生活日杂,怎么处理,1,该用户想询问直播商品中涉及的污水或清洁相关问题的具体解决方法。
140673020,生活日杂,售后怎么说,0,该用户是在询问产品的售后服务政策和具体保障措施。
140673020,生活日杂,电视机有吗,1,该用户是在询问直播间是否有电视机产品在售。
140673020,生活日杂,河北人,0,该用户可能在询问主播所售商品是否有针对河北地区的优惠或配送服务。
140673020,生活日杂,真离谱,0,该用户可能是在吐槽商品价格过高或功能不符合预期，感到惊讶或不满。
140673020,生活日杂,有水渍吗,1,该用户是在询问商品是否存在水渍残留的问题，可能担心清洁或使用后的痕迹影响产品外观或功能。
140673020,生活日杂,污水怎么处理,1,该用户可能是在询问直播中展示的某款清洁或净水设备如何处理污水，想了解产品的具体功能或使用效果。
140673020,生活日杂,能平躺么,1,该用户可能是在询问产品是否具备可平放或可调节角度的功能。
140673020,生活日杂,能躺平吗,1,该用户是在询问产品是否具备平放或折叠的功能。
140673020,生活日杂,有微波炉吗,1,该用户是在询问直播间是否有微波炉产品在售。
140673020,生活日杂,水渍怎么样,1,该用户是在询问产品是否容易出现水渍残留或清洁问题。
140673020,生活日杂,追觅好还是这个好,1,该用户是在询问当前直播推荐的产品与“追觅”品牌同类产品的优劣对比，以帮助自己做出购买决策。
140673020,生活日杂,可以脱木地板吗,1,该用户可能是在询问产品是否适用于木地板材质的地面清洁或安装。
140673020,生活日杂,怎么办,0,该用户可能是在犹豫是否要购买当前展示的商品，或在对比不同选项时感到纠结。
140673020,生活日杂,给力给力给力,0,该用户想表达的含义是：对直播内容或产品感到非常满意和兴奋。
140673020,生活日杂,怎么领补贴,1,该用户想询问如何获取商品优惠或参与促销活动。
140673020,生活日杂,自行车,1,该用户可能在询问直播间是否有自行车商品或相关优惠信息。
140673020,生活日杂,怎么清洁,1,该用户可能在询问直播中展示的某款清洁类产品（如扫地机器人、拖把等）的具体使用方法或清洁效果。
140673020,生活日杂,可以躺平吗,1,该用户可能在询问产品是否具备可调节至平躺状态的功能。
140673020,生活日杂,都有什么,1,该用户想询问直播间当前展示或推荐的产品种类有哪些。
140673020,生活日杂,能平躺吗,1,该用户可能是在询问商品（如家具或电器）是否具备可调节至平躺状态的功能。
140673020,生活日杂,[赞][赞][赞][赞][赞][赞]辛运好运赞,0,该用户想表达的含义是：对直播内容或产品表示高度认可和积极支持，希望通过点赞互动带来好运或促成购买。
140673020,生活日杂,抢抢了,0,该用户想表达的含义是：赶紧参与抢购，别错过机会。
140673020,生活日杂,给力给力的很,0,该用户想表达的含义是：对直播中展示的产品或优惠活动感到非常满意和兴奋。
140673020,生活日杂,怎么加水,1,该用户可能在询问产品使用过程中如何添加水或注水的具体操作步骤。
140673020,生活日杂,需要倒吗,1,该用户可能是在询问产品使用时是否需要倾倒容器或调整角度。
140673020,生活日杂,木地板能用吗,1,该用户想询问产品是否适用于木地板材质的地面。
140673020,生活日杂,有自行车吗,1,该用户是在询问直播间是否有自行车类商品在售。
140673020,生活日杂,怎么加水,1,该用户可能是在询问产品使用过程中如何添加水或液体，比如清洁设备的水箱操作步骤。
140673020,生活日杂,洗完怎么倒水,1,该用户是在询问产品使用后如何排空内部积水的操作步骤。
140673020,生活日杂,能躺平吗,1,该用户是在询问产品是否具备平放或水平使用的功能。
140673020,生活日杂,吸力很大,0,该用户可能是在询问或评价产品的吸力性能是否足够强劲。
140673020,生活日杂,怎么领补贴,0,该用户想询问参与当前直播活动的优惠领取方式。
140673020,生活日杂,现货吗,1,该用户是在询问商品是否有库存可以立即发货。
140673020,生活日杂,滤芯安装在哪,1,该用户可能在询问产品的具体使用细节，想了解滤芯的安装位置以便评估是否方便操作或是否符合自身需求。
140673020,生活日杂,怎么加水,1,该用户想询问产品（可能是吸尘器或清洁设备）的水箱使用方法或注水步骤。
140673020,生活日杂,怎么加水呢,1,该用户想询问产品的注水操作步骤或方法。
140673020,生活日杂,可以躺平吗,1,该用户可能在询问直播展示的产品是否具备平放或折叠功能。
140673020,生活日杂,干的污渍能拖吗,1,该用户想询问这款清洁工具是否能有效清理已经干涸的顽固污渍。
140673020,生活日杂,能躺倒吗,1,该用户是在询问产品是否具备平放或躺卧的功能。
140673020,生活日杂,几个头,1,该用户可能在询问产品（如吸尘器或拖把）配备的刷头数量。
140673020,生活日杂,怎么领补,1,该用户想询问如何领取商品优惠或补贴。
140673020,生活日杂,怎么清洁吸进去的东西,1,该用户想询问如何清理吸尘器内部收集的灰尘和杂物。
140673020,生活日杂,水怎么弄,1,该用户想询问如何给产品（可能是吸尘器或拖地机）添加水或操作注水步骤。
140673020,生活日杂,山地车,1,该用户可能是在询问直播间是否有山地车售卖或想了解相关产品信息。
140673020,生活日杂,"怎么加水,换水",1,该用户想询问产品使用中关于水箱操作的步骤说明。
140673020,生活日杂,里面的水怎么办,1,该用户是在询问产品使用过程中如何处理内部储存的水。
140673020,生活日杂,燃气灶,1,该用户可能在询问直播间是否有燃气灶产品或想了解燃气灶的相关功能信息。
140673020,生活日杂,先科.科循环扇.这个孩儿是谁,0,该用户可能是在询问直播中出现的某个品牌循环扇的代言人或相关人物身份。
140673020,生活日杂,燃气灶看看,1,该用户想表达的含义是：我想了解一下燃气灶的具体功能和购买信息。
140673020,生活日杂,买过的都说好,0,该用户想表达的含义是：这款产品的口碑很好，使用过的消费者都给出了正面评价。
140673020,生活日杂,长款皮衣,1,该用户可能是在询问或对直播中展示的长款皮衣商品感兴趣，想了解详情或表达购买意向。
140673020,生活日杂,支持支持支持支持,0,该用户想表达的含义是：对主播或产品表示积极的认可和鼓励。
140673020,生活日杂,要你的外套,1,该用户想表达的含义是：我想要购买你展示的那件外套。
140673020,生活日杂,学习桌,1,该用户想表达的含义是：询问或提及直播间正在展示的学习桌产品。
140673020,生活日杂,项链有吗,1,该用户可能是在询问直播间是否有项链商品在售或展示。
140673020,生活日杂,黄金看看,1,该用户想表达的含义是：我想了解一下黄金饰品的信息。
140673020,生活日杂,骆驼防晒衣,1,该用户可能是在询问或表示对直播中展示的骆驼品牌防晒衣感兴趣。
140673020,生活日杂,你的鞋,1,该用户想表达的含义是：询问主播身上或展示的鞋子是否可购买。
140673020,生活日杂,你穿的外套,1,该用户对主播穿的外套感兴趣，可能想询问购买链接或款式信息。
140673020,生活日杂,防晒衣,1,该用户可能是在询问或表示对直播间展示的防晒衣感兴趣。
140673020,生活日杂,洗地机怎么加水,1,该用户想询问洗地机的注水操作步骤，可能是对产品功能感兴趣或在使用中遇到困惑。
140673020,生活日杂,我也想要,1,该用户看到直播中展示的某件商品后产生了强烈的购买欲望。
140673020,生活日杂,牛牛牛,0,该用户想表达的含义是：对当前展示的商品或主播的表现表示高度赞赏和认可。
140673020,生活日杂,要你穿的外套,1,该用户想表达对主播所穿外套的购买兴趣。
140673020,生活日杂,"好看,好看,好看",1,该用户被直播展示的商品外观所吸引，表达了对产品款式的强烈喜爱和认可。
140673020,生活日杂,挂链接,0,该用户是在催促主播尽快上架或展示当前讨论商品的购买链接。
140673020,生活日杂,[赞][赞][赞][赞][赞][赞][赞][赞][赞][赞][赞][赞][,0,该用户通过连续点赞表情强烈表达对当前展示商品的喜爱或对主播推荐的认可，暗示较高的购买意愿。
140673020,生活日杂,你穿的外套有吗,1,该用户想询问主播身上穿的外套是否在售，并表达出潜在的购买意向。
140673020,生活日杂,福利那,0,该用户想询问直播间是否有促销福利活动或赠品。
140673020,生活日杂,学习桌,1,该用户可能在询问或暗示对直播中提到的学习桌产品感兴趣，希望主播展示或讲解相关商品信息。
140673020,生活日杂,自行车,1,该用户可能是在询问或暗示对直播中展示的自行车产品感兴趣，希望主播介绍或上架相关商品。
140673020,生活日杂,外套外套,1,该用户是在询问或索要主播身上穿的同款外套。
140673020,生活日杂,置物架,1,该用户可能在询问直播间是否有置物架商品或对其产生兴趣。
140673020,生活日杂,"这话说的粗,你就交个水费么[捂脸][捂脸][捂脸][捂脸]",0,该用户可能在调侃主播关于产品功能的描述过于夸张或不切实际，暗示所谓的“只需交水费”这种宣传话术显得粗糙可笑。
140673020,生活日杂,想买置物架,1,该用户希望通过弹幕询问主播是否有置物架商品上架或促销，并表现出明确的购买意向。
140673020,生活日杂,喜欢喜欢喜欢喜欢,0,该用户想表达对主播展示的某件商品（可能是外套或防晒衣）的强烈喜爱和购买意愿。
140673020,生活日杂,外套外套外套,1,该用户急切地想要主播展示或上架当前穿着的外套商品。  （分析依据：前文多次出现对主播同款外套的询问和需求表达，且目标弹幕通过重复关键词强调购买意向，符合直播间集中讨论该商品的语境。）
140673020,生活日杂,有骆驼防嗮衣吗,1,该用户是在询问直播间是否有售卖骆驼品牌的防晒衣产品，表现出明确的购买意向。
140673020,生活日杂,都喜欢,0,该用户想表达的是对主播展示的某件商品（很可能是外套或防晒衣）的强烈喜爱和购买意愿。
140673020,生活日杂,我都喜欢,0,该用户想表达的含义是：对当前展示的多个商品都表现出强烈的购买意愿。
140673020,生活日杂,蓝色好看,1,该用户是在表达对直播中展示的某款蓝色商品的喜爱和购买意向。
140673020,生活日杂,喜欢黄色,1,该用户想表达的含义是：对直播中展示的黄色商品款式表示感兴趣并有意向购买。
140673020,生活日杂,都好看,1,该用户想表达的含义是：对直播中展示的多款商品都感到满意且难以抉择。
140673020,生活日杂,粉色好看,1,该用户想表达的含义是：对商品中的粉色款式表示偏好或赞赏。
140673020,生活日杂,黄色好看,1,该用户想表达的含义是：对商品黄色款式的偏好和购买意向。  （结合前文“蓝色好看”“喜欢黄色”“粉色好看”等颜色讨论，可推断用户是在参与直播间对商品颜色的互动评选，并明确表达了对黄色款的喜爱，隐含潜在购买倾向。）
140673020,生活日杂,我闺女喜欢粉色,0,该用户暗示对粉色款商品有潜在购买意向，可能是为了满足女儿的需求或偏好。
140673020,生活日杂,粉色紫色,1,该用户想表达的含义是：对直播中展示的粉色和紫色商品感兴趣或表示偏好。
140673020,生活日杂,快去尿尿吧[捂脸][捂脸][捂脸],0,该用户是在用调侃的语气催促主播加快节奏或切换商品，可能因当前讨论的服装颜色话题持续时间过长而感到不耐烦。
140673020,生活日杂,赶紧去尿尿硕,0,该用户是在催促主播或其他人暂时离开去解决生理需求，可能是为了不耽误后续的福利环节或商品介绍。
140673020,生活日杂,支持支持支持支持支持,0,该用户想表达的含义是：对主播或商品表示强烈的认可和鼓励。
140673020,生活日杂,玻璃的吗,1,该用户是在询问直播展示的商品材质是否为玻璃制品。
140673020,生活日杂,粉色好看(),1,该用户是在表达对直播中展示的粉色商品的喜爱和偏好。
140673020,生活日杂,你赶紧去尿尿硕,0,"该用户是在用调侃的语气催促主播去上厕所，可能是看到主播频繁喝水或表现出尿意，结合其他观众类似的玩笑弹幕（如""快去尿尿吧""），属于直播间常见的轻松互动而非购买意向表达。"
140673020,生活日杂,要粉色,1,该用户想表达的是对粉色款商品的喜爱和购买意向。
140673020,生活日杂,可以放开水吗,1,该用户可能是在询问主播能否展示或提供某款商品（如保温杯、水壶等）的开水功能或相关使用演示。
140673020,生活日杂,喜欢粉色,1,该用户想表达的是对粉色商品的偏好或购买意向。
140673020,生活日杂,我都喜欢咋办呀,0,该用户想表达的是对直播展示的多个商品款式都感到心动，难以做出选择。
140673020,生活日杂,你穿的外套,1,该用户可能是在询问主播所穿外套的款式或购买链接，表达了对这件商品的兴趣。
140673020,生活日杂,是玻璃的吗,1,该用户是在询问直播展示的商品材质是否为玻璃，表现出对产品细节的关注和潜在的购买意向。
140673020,生活日杂,纽曼音响,1,该用户可能是在询问或确认直播中展示的纽曼音响的相关信息，表达了对这款产品的关注或兴趣。
140673020,生活日杂,山地车,1,该用户可能是在询问或关注直播中展示的山地车产品。
140673020,生活日杂,支持支持支持支持,0,该用户想表达的含义是：对主播或商品表示积极的鼓励和认可。
140673020,生活日杂,置物架,1,该用户可能是在询问或关注直播中展示的置物架产品的材质、功能或购买方式。
140673020,生活日杂,罐开水可以吗,1,该用户是在询问产品材质是否耐高温，能否安全盛放开水。
140673020,生活日杂,有道理,0,该用户可能是在认同主播对产品特点或使用场景的讲解，表示被说服或认可产品的价值。
140673020,生活日杂,说的对,0,该用户想表达的含义是：认同主播刚才对产品特点或使用场景的讲解。
140673020,生活日杂,啥材质,1,该用户是在询问直播中展示商品的制作材料是什么。
140673020,生活日杂,想买置物架,1,该用户表达了对直播间展示的置物架产品产生了明确的购买意向。
140673020,生活日杂,开水泡茶吗,1,该用户是在询问产品是否适合用开水冲泡茶叶，可能对材质或功能有疑虑。
140673020,生活日杂,男款鞋,1,该用户可能在询问直播间是否有男款鞋的相关商品信息或款式推荐。
140673020,生活日杂,雨伞有吗,1,该用户是在询问直播间是否有雨伞这款商品在售。
140673020,生活日杂,颜色还是随机,0,该用户可能在询问商品颜色是否可以自行选择而非随机发货。
140673020,生活日杂,有除螨仪吗,1,该用户是在询问直播间是否有售卖除螨仪这款产品，表达了对该商品的购买意向。
140673020,生活日杂,还是随机,0,该用户倾向于选择随机款式而非指定颜色或样式。
140673020,生活日杂,有笔记本电脑吗,1,该用户可能是在询问直播间是否有笔记本电脑在售，表达了对该产品的潜在购买兴趣。
140673020,生活日杂,给力给力给力给力给力,0,该用户想表达的含义是：对直播内容或产品感到非常兴奋和满意。  （结合前文弹幕中频繁出现的购买意向和互动提问，用户可能因主播展示的商品、优惠活动或表现而情绪高涨，用重复的“给力”强化积极反馈。）
140673020,生活日杂,可以备注,0,该用户想表达的含义是：询问购买商品时能否在订单中添加特殊要求或备注信息。
140673020,生活日杂,支持支持支持支持支持支持支持,0,该用户想表达的含义是：对主播或直播内容表示强烈的赞同和鼓励。
140673020,生活日杂,都可以,0,该用户想表达的含义是：对当前讨论的商品选项没有特别偏好，表示随意或接受任何选择。
140673020,生活日杂,都好看,0,该用户可能是在回应主播展示的多个商品选项，表示对当前介绍的所有款式或颜色都感到满意，没有特别偏好。
140673020,生活日杂,给力给力,0,该用户是在用简短的口号式表达对直播内容或优惠活动的积极认可和兴奋情绪。
140673020,生活日杂,玻璃胶,0,该用户可能在询问直播中是否有玻璃胶相关产品或想了解其材质、用途等具体信息。
140673020,生活日杂,都好看[赞],0,该用户想表达的含义是：对当前展示的商品款式表示整体认可和赞赏。  （结合前文弹幕中频繁出现的商品询问和互动，如“想买置物架”“颜色还是随机”等，可推断用户处于选品讨论氛围中，此处的“都好看”可能是对主播展示的多款商品外观的概括性肯定，隐含潜在购买倾向。）
140673020,生活日杂,颜色怎说,0,该用户想询问商品颜色的具体选项或是否有自定义选择。
140673020,生活日杂,赶紧尿去吧赶紧去吧,0,"该用户可能在催促主播加快节奏或切换商品，暗示当前环节拖沓无聊。  （结合前文弹幕多为具体商品询问和购买意向，而此条突兀出现，可推断用户对当前无关讨论感到不耐烦，用反讽方式表达""别浪费时间了""的诉求。）"
140673020,生活日杂,硕姐有置物架吗,1,该用户是在询问主播是否售卖置物架产品，表现出明确的购买意向。
140673020,生活日杂,粉色黄色,0,该用户可能在询问或评论商品的颜色选项，倾向于粉色和黄色。
140673020,生活日杂,置物架,1,该用户是在询问直播间是否有置物架这款商品在售。
140673020,生活日杂,玻璃的吗,1,该用户是在询问直播展示的商品材质是否为玻璃制品。
140673020,生活日杂,山地车,1,该用户可能是在询问直播间是否有山地车商品或相关介绍。
140673020,生活日杂,拍了加急,0,该用户想表达的含义是：已经下单并选择了快递加急服务。
140673020,生活日杂,被种草了[龇牙],0,该用户被直播内容吸引，产生了强烈的购买欲望。
140673020,生活日杂,防晒衣,1,该用户可能在询问直播间是否有防晒衣售卖或想了解相关产品信息。
140673020,生活日杂,外套有吗,1,该用户是在询问直播间是否有外套类商品在售或展示。
140673020,生活日杂,尿尿去吧,0,该用户可能是想催促主播或观众暂时离开去处理个人事务，带有调侃或活跃气氛的意图。
140673020,生活日杂,主播外套好看,1,该用户想表达的含义是：对主播展示的外套款式产生兴趣，暗示有购买意向。
140673020,生活日杂,炒锅有吗,1,该用户是在询问直播间是否有炒锅这款商品在售。
140673020,生活日杂,外套有吗[玫瑰][玫瑰][玫瑰],1,该用户想表达的含义是：询问直播间是否售卖外套，并表现出对这款商品的浓厚兴趣和喜爱。
140673020,生活日杂,有面包机面包机面包机面包机面包机面包机面包机,1,该用户想表达的含义是：强烈询问或催促主播介绍面包机产品。
140673020,生活日杂,陶瓷吗,1,该用户是在询问直播展示的商品材质是否为陶瓷。
140673020,生活日杂,支持支持支持支持支持,0,该用户想表达的含义是：对主播或当前推荐的产品表示强烈的认同和支持。
140673020,生活日杂,外套吗,0,该用户是在询问主播是否正在介绍或售卖外套产品。
140673020,生活日杂,置物架硕姐,1,该用户是在询问主播“硕姐”是否有售卖置物架这款产品。
140673020,生活日杂,是现货么,1,该用户想确认商品是否为现成库存、能否立即发货。
140673020,生活日杂,涂层吗,1,该用户可能在询问直播展示的商品表面是否有特殊涂层处理。
140673020,生活日杂,想买置物架,1,该用户是在询问直播间是否有置物架出售，并表现出明确的购买意向。
140673020,生活日杂,质量保证吗,1,该用户是在询问商品的质量是否有可靠保障，表现出对产品品质的顾虑和潜在的购买意向。
140673020,生活日杂,锅里什么材质,1,该用户是在询问直播中展示的锅具所使用的制作材料，可能对产品的耐用性或安全性存在购买顾虑。
140673020,生活日杂,能炒菜吗,1,该用户是在询问直播展示的厨具产品是否具备炒菜的功能。
140673020,生活日杂,雨伞有吗,1,该用户想询问直播间是否有雨伞在售。
140673020,生活日杂,给力给力,0,该用户想表达的含义是：对直播内容或产品展示感到非常满意和兴奋。
140673020,生活日杂,粘锅吗,1,该用户是在询问炒锅是否具备防粘性能。
140673020,生活日杂,置物架,1,该用户可能在询问直播间是否有置物架出售或想了解相关产品信息。
140673020,生活日杂,外套外套,1,该用户想表达的含义是：询问主播是否有外套这款商品在售。
140673020,生活日杂,外套又吗,1,该用户是在询问直播间是否有外套商品在售。
140673020,生活日杂,山地车山地车,1,该用户想表达的含义是：询问直播间是否有山地车出售或对山地车产品感兴趣。
140673020,生活日杂,是涂层的吗,1,该用户是在询问产品表面是否采用了特殊涂层工艺。
140673020,生活日杂,后面的那个,1,该用户可能是在询问直播画面中稍后展示的某件商品的情况。
140673020,生活日杂,可以炒菜吗,1,该用户是在询问直播展示的商品是否具备炒菜的功能。
140673020,生活日杂,想买个,1,该用户可能是在询问直播中提到的某款商品是否值得购买，表达了对其中一件商品的潜在兴趣和犹豫心态。
140673020,生活日杂,能炒菜么,1,该用户是在询问直播展示的产品是否具备炒菜的功能。
140673020,生活日杂,夏凉被,1,该用户可能在询问直播间是否有夏凉被在售，或对该产品的材质、功能等细节感兴趣。
140673020,生活日杂,外套外套外套外套外套外套外套外套,1,该用户想表达的含义是：急切询问主播是否会上架或介绍外套产品。
140673020,生活日杂,什么材质,1,该用户是在询问直播中展示的商品所使用的材料或成分。
140673020,生活日杂,表有吗,1,该用户是在询问直播间是否有手表在售。
140673020,生活日杂,外套有吗,1,该用户是在询问直播间是否有外套类商品在售。
140673020,生活日杂,几个人用的量锅子,1,该用户想询问这款锅的容量适合几人使用。
140673020,生活日杂,主播喜庆,0,该用户可能是在夸赞主播的风格或氛围很有吸引力，从而间接表达对直播内容的兴趣。
140673020,生活日杂,外套外套外套外套外套外套外套外套外套外套外套外套外套外套外套外套外套外,1,该用户急切地询问主播是否有外套出售，并希望通过重复刷屏引起注意。
140673020,生活日杂,置物架,1,该用户想表达的含义是：询问直播间是否有置物架这款商品在售。
140673020,生活日杂,外套吧,1,该用户想表达的含义是：询问主播当前展示或提到的外套是否还有库存或是否可以购买。
140673020,生活日杂,能煮饭吗,1,该用户是在询问直播中展示的产品是否具备煮饭的功能。
140673020,生活日杂,骆驼防晒衣,1,该用户可能在询问直播间是否有骆驼品牌的防晒衣产品，或是表达对该款防晒衣的兴趣和购买意向。
140673020,生活日杂,有病吧,0,该用户可能是在不耐烦地吐槽直播间里反复刷屏“外套”的弹幕干扰了正常购物讨论。
140673020,生活日杂,外套外套[玫瑰][玫瑰][玫瑰][玫瑰][玫瑰][玫瑰],1,该用户急切地想要询问或确认直播间是否有外套出售，并通过大量重复关键词和玫瑰表情强调自己的强烈购买意愿。
140673020,生活日杂,外套外套外套,1,该用户急切地想要主播展示或介绍外套产品。
140673020,生活日杂,外套外套外套外套外套外套外套外套外套外套外套外套外套外套外套外套外套,1,该用户急切地询问或强调对直播中展示的外套商品的强烈兴趣或购买意向。
140673020,生活日杂,真的好看,1,该用户可能是在称赞主播展示的某款外套或其他服饰的款式设计，表达对其外观的认可和喜爱。
140673020,生活日杂,有乳胶凉席吗,1,该用户是在询问直播间是否有售卖乳胶材质的凉席产品。
140673020,生活日杂,福利呢,0,该用户可能在催促主播尽快发放促销优惠或赠品福利。
140673020,生活日杂,被子被子被子,1,该用户想表达的含义是：强烈要求主播介绍或展示被子产品。
140673020,生活日杂,自行车,1,该用户可能是在询问直播间是否有自行车相关商品或优惠信息。
140673020,生活日杂,超级好看,1,该用户想表达的含义是：对直播中展示的商品外观表示高度赞赏，并可能隐含购买意向。  （结合前文弹幕高频提及“外套”和少量提及其他商品，且“真的好看”曾出现，可推断“超级好看”可能是对主播展示的某款外套或其他商品的直观评价，语气更强烈，带有被商品吸引的潜在兴趣。）
140673020,生活日杂,要骆驼防晒衣,1,该用户想表达的含义是：我想要购买骆驼品牌的防晒衣。
140673020,生活日杂,山地车,1,该用户可能在询问直播间是否有山地车售卖，或对展示的山地车产品表示兴趣。
140673020,生活日杂,休闲裤休闲裤,1,该用户可能在催促主播介绍或上架休闲裤产品，表达对该商品的购买兴趣。
140673020,生活日杂,绞肉机送几个刀,1,该用户可能在询问绞肉机附赠的刀具数量，表达了对该产品的具体功能和赠品情况的购买兴趣。
140673020,生活日杂,外套外套,1,该用户是在强烈催促主播展示或介绍外套产品，表达了对该商品的浓厚兴趣和急切购买意愿。
140673020,生活日杂,无敌好看,1,该用户想表达的含义是：这件商品的设计或外观非常吸引人，让人感到十分满意。
140673020,生活日杂,外套外套外套外套外套外套外套外套,1,该用户想表达的含义是：强烈要求主播展示或介绍外套产品。
140673020,生活日杂,福利啊,0,该用户想表达的含义是：当前直播间的优惠活动或赠品很有吸引力。
140673020,生活日杂,外套外套外套外套外套外套外套外套外套,1,该用户想表达的含义是：强烈要求主播展示或讲解外套产品。
140673020,生活日杂,她就是这样的,0,该用户想表达的含义是：主播展示的外套款式确实符合她一贯的风格或品质。
140673020,生活日杂,外套外套外套外套外套外套外套外套外套外套外套外套外套外套外套外套外套,1,该用户想表达的含义是：强烈要求主播展示或讲解外套产品，并可能暗示希望获得相关福利。
140673020,生活日杂,什么玩意,0,该用户想表达的含义是：对当前直播内容或产品感到困惑或不满意。
140673020,生活日杂,外套有吗,1,该用户是在询问直播间是否有外套商品在售，并表现出对购买外套的潜在兴趣。
140673020,生活日杂,福利呢,0,该用户是在催促主播尽快发放促销福利或优惠活动。
140673020,生活日杂,外套外套外套,1,"该用户急切地询问或催促主播展示/介绍外套商品。  （从上下文可见，""外套""是当前弹幕高频关键词，大量重复且夹杂在询问福利和商品的其他弹幕中，表明用户群体对外套的关注度极高，目标用户通过密集重复强化存在感，属于典型的直播间""刷屏求货""行为。）"
140673020,生活日杂,支持支持,0,该用户想表达的含义是：对主播或商品表示认可和鼓励，但并未明确表现出具体的购买意向。
140673020,生活日杂,"看好看,好看",1,该用户想表达的含义是：这款商品的外观设计非常吸引人，让人产生强烈的购买欲望。
140673020,生活日杂,身穿外套有吗,1,该用户是在询问直播间是否有展示或售卖外套产品。
140673020,生活日杂,哪里领券,1,该用户想表达的含义是：询问如何获取商品的优惠券以便下单购买。
140673020,生活日杂,有直饮机么,1,该用户是在询问直播间是否有直饮机产品可供购买。
140673020,生活日杂,好薄薄的,0,该用户可能是在评论直播中展示的某款衣物或面料的轻薄质地，表达对其轻盈特性的注意或赞赏。
140673020,生活日杂,支持美硕,0,该用户是在表达对主播或品牌的认可和支持，可能是对之前提到的某款产品（如外套）或直播内容的正面反馈。
140673020,生活日杂,主播好,0,该用户可能是在礼貌性地打招呼或表达对主播的初步好感，但并未直接表现出明确的购买意向。
140673020,生活日杂,主播好[赞][赞][赞],0,该用户想表达的含义是：对主播的表现感到满意并给予积极认可。
140673020,生活日杂,"有直饮机么,有直饮机么",1,该用户是在询问直播间是否有售卖直饮机产品，表现出明确的购买意向或需求。
140673020,生活日杂,支持支持支持,0,该用户想表达的含义是：对主播或当前展示的商品表示赞同和鼓励。
140673020,生活日杂,装瞎吧,0,该用户可能是在讽刺主播对观众频繁询问“外套”相关问题的忽视或敷衍态度。
140673020,生活日杂,好看好看好看好看好看,0,"该用户想表达的含义是：对主播展示的商品外观或穿搭效果表示高度赞赏和喜爱。  （结合前文语境，弹幕中频繁提及“外套”等商品关键词，且存在类似“看好看,好看”的赞美表达，可推断用户是在积极反馈商品视觉效果，而非单纯刷屏。）"
140673020,生活日杂,穿给情人看,0,该用户可能是在询问主播展示的外套是否适合作为约会穿搭，暗示对产品有潜在购买兴趣并希望获得穿搭建议。
140673020,生活日杂,皮衣皮衣皮衣皮衣皮衣皮衣皮衣皮衣皮衣皮衣皮衣皮衣,1,该用户想表达的含义是：强烈要求主播展示或介绍皮衣产品。
140673020,生活日杂,有直饮机么,1,该用户可能在询问直播间是否有直饮机产品在售或展示，表现出对该商品的潜在购买兴趣。
140673020,生活日杂,说得好极了,0,该用户可能是在对主播的讲解或产品介绍表示高度认可和赞赏。
140673020,生活日杂,你试试,0,该用户可能在催促主播试穿或展示某件商品（如外套或皮衣），以进一步确认效果或激发购买兴趣。
140673020,生活日杂,看看后边,1,该用户想表达的含义是：希望主播继续展示后面的商品或内容。
140673020,生活日杂,刮胡刀有吗,1,该用户是在询问直播间是否有刮胡刀产品出售，表现出对购买该商品的潜在兴趣。
140673020,生活日杂,孕妇可以穿吗,1,该用户想询问直播展示的商品是否适合孕妇穿着。
140673020,生活日杂,是无磁的吗,1,该用户可能在询问商品是否具备无磁特性，暗示对产品材质或功能有特定需求，并考虑是否值得购买。
140673020,生活日杂,看看后面,1,该用户可能是对当前展示的商品兴趣不大，想催促主播尽快介绍后面的其他商品。
140673020,生活日杂,"刚进来,薄的还是厚的",1,该用户想询问主播展示的商品是薄款还是厚款，以判断是否符合自己的需求。
140673020,生活日杂,胸大的可以穿吗,1,该用户可能在询问服装款式对身材的适配性，隐含对产品尺码或版型的潜在购买顾虑。
140673020,生活日杂,裤子裤子裤子裤子裤子裤子裤子裤子裤子裤子裤子裤子裤子裤子裤子裤子裤子裤子裤子裤子,1,该用户想表达的含义是：强烈要求主播展示或介绍裤子产品。  （结合前文弹幕高频重复关键词的互动模式（如“皮衣皮衣皮衣”），用户可能通过刷屏方式强调对某一商品的兴趣，或催促主播回应相关话题。）
140673020,生活日杂,是无磁吗,1,该用户是在询问当前展示的商品是否具备无磁特性（可能针对首饰、电子产品等需要确认磁场影响的物品）。
140673020,生活日杂,爱你哟,0,"该用户可能是在对主播的推荐或表现表示喜爱和支持，试图通过亲昵的语气拉近距离或表达满意情绪。  （结合前文弹幕中频繁出现的产品询问和互动氛围，""爱你哟""更偏向情感反馈而非直接购买意向，属于观众对直播氛围的积极回应。）"
140673020,生活日杂,我喜欢,0,该用户想表达对当前展示商品的喜爱或对主播推荐内容的认可。
140673020,生活日杂,有电视吗,1,该用户可能是在询问直播间是否有电视产品在售或展示。
140673020,生活日杂,兔耳朵超赞[赞],0,"该用户通过称赞""兔耳朵""的可爱或设计亮点，间接流露出对商品的喜爱和潜在的购买意愿。"
140673020,生活日杂,美背好看,1,该用户可能是在夸赞主播展示的服装或身材效果，暗示对产品设计或上身效果的认可和兴趣。
140673020,生活日杂,支持试穿,0,该用户可能是在询问或建议主播展示服装的试穿效果，以确认实际穿着体验是否符合预期。
140673020,生活日杂,就要这个,0,该用户想表达的是明确选定当前展示的商品并有意向购买。
140673020,生活日杂,男的要先出去吗,0,该用户可能在询问当前展示的商品是否区分性别使用或适用场景，暗示对产品目标受众或使用条件的关注。
140673020,生活日杂,给力给力给力给力,0,该用户想表达的含义是：对当前直播内容或产品展示感到非常兴奋和满意。
140673020,生活日杂,直播创业,0,该用户可能是想询问直播中介绍的创业相关产品或服务，表达了对自主创业话题的兴趣或需求。
140673020,生活日杂,快穿外套.我要外套[大哭],1,该用户急切地想购买直播中展示的外套，并通过情绪化表达强调自己的强烈购买意愿。
140673020,生活日杂,作业帮作业帮作业帮作业帮作业帮作业帮作业帮作业帮作业帮作业帮作业帮,0,该用户可能在强烈催促主播展示或介绍“作业帮”相关产品，或是重复刷屏以引起注意。
140673020,生活日杂,从开播就在这儿看,0,该用户想表达的含义是：自己全程参与了直播，对内容持续关注并有潜在购买兴趣。
140673020,生活日杂,"漂亮,漂亮,漂亮",0,该用户想表达的含义是：对直播中展示的商品外观或主播的穿搭表示强烈的赞赏和喜爱。
140673020,生活日杂,大胸能穿吗,1,该用户是在询问某款服装是否适合胸部较大的身材穿着。
140673020,生活日杂,赶紧吧赶紧吧,0,该用户想催促主播加快节奏或尽快展示/上架他们期待的商品。
140673020,生活日杂,有运费险吗,1,该用户是在确认商品的售后保障情况，以评估购买风险。
140673020,生活日杂,感觉胖子适合,1,该用户可能在询问这款服装是否适合体型偏胖的人穿着。
140673020,生活日杂,d的能穿吗,1,该用户想询问“这款衣服的尺码是否适合体型偏瘦的人穿着”。  （结合前文“大胸能穿吗”“感觉胖子适合”等关于尺码和体型的讨论，可推断“d的”可能指代较瘦体型，用户希望确认服装的适配性。）
140673020,生活日杂,想要骆驼防晒衣,1,该用户表达了对直播中展示的骆驼品牌防晒衣有明确的购买意向和需求。
140673020,生活日杂,[赞][赞][赞][赞][赞][赞][赞][赞][赞][赞][赞][赞][,0,该用户想表达的含义是：对直播内容或展示商品的高度认可和强烈支持。  （结合前文弹幕中频繁出现的赞美词（如“超赞”“好看”“给力”）和购买意向词（如“想要”“有运费险吗”），该用户可能通过连续表情符号传递兴奋情绪，可能是对主播表现、商品效果或促销活动的积极反馈，潜在购买兴趣较高。）
140673020,生活日杂,"哈哈,叉",0,该用户可能在调侃或吐槽直播中的某个商品或环节，用“叉”表达否定或不认可的态度。
140673020,生活日杂,无语呀,0,该用户可能因对产品展示节奏或某些细节不满而感到失望或烦躁。
140673020,生活日杂,薄的吗,1,该用户可能是在询问当前展示的商品材质是否轻薄。
140673020,生活日杂,防晒衣,1,该用户可能是在询问或表达对直播间正在展示的防晒衣产品的兴趣或需求。
140673020,生活日杂,吊带有吗,1,该用户是在询问直播间是否售卖吊带款式的服装。
140673020,生活日杂,啥时候有海棠胭脂那个内衣,1,"该用户是在询问直播间何时会上架""海棠胭脂""系列的内衣款式，表现出明确的购买意向和对特定商品的兴趣。"
140673020,生活日杂,皮衣皮衣,1,该用户可能是在询问或强调对直播中展示的皮衣产品感兴趣，希望主播详细介绍或上架该商品。
140673020,生活日杂,有黄金吗,1,该用户可能在询问直播间是否售卖黄金饰品或相关商品。
140673020,生活日杂,哺乳期可以穿吗,1,该用户是在询问产品（可能是服装类）是否适合哺乳期女性穿着，隐含对产品功能适用性的关注和潜在的购买意向。
140673020,生活日杂,给力给力给力,0,该用户想表达的含义是：对直播内容或产品展示感到非常兴奋和满意。  （结合前文弹幕中频繁出现的积极反馈和购买意向，如“漂亮”“想要骆驼防晒衣”等，可推断“给力”是对直播氛围或产品功能的强烈认可，可能隐含进一步关注或购买的兴趣。）
140673020,生活日杂,有意思,0,该用户可能被直播内容吸引，对当前展示的产品或互动形式产生了兴趣，认为其新颖有趣。
140673020,生活日杂,大熊能穿吗,1,该用户是在询问商品是否适合体型较大的人穿着。
140673020,生活日杂,给力[ILoveU][ILoveU][ILoveU][ILoveU][IL,0,该用户想表达的含义是：对当前直播内容或产品展示感到非常兴奋和喜爱，用热情的表情符号强化积极情绪。
140673020,生活日杂,给力啊,0,该用户想表达的含义是：对直播内容或产品展示感到兴奋和认可。
140673020,生活日杂,送同款吧,0,该用户希望主播能赠送当前展示的同款产品作为福利。  （结合前文弹幕中频繁出现的产品询问和互动氛围，用户可能被直播内容吸引，试图通过弹幕争取免费获得商品的机会，属于一种常见的促销互动诉求。）
140673020,生活日杂,要同款,1,该用户想表达的是希望购买直播中展示的同款商品。
140673020,生活日杂,都要内衣,1,该用户想表达的含义是：希望主播推荐或展示更多款式的内衣产品。  （结合前文弹幕中关于内衣、尺码、功能的讨论，用户可能是看到其他观众提及“海棠胭脂内衣”或“哺乳期穿搭”后，主动提出对内衣品类的兴趣，并期待主播回应。）
140673020,生活日杂,送同款吧[赞][赞][赞],0,该用户希望通过抽奖或福利活动获得直播中展示的同款商品，表达了对产品的喜爱和获取意愿。
140673020,生活日杂,送同款内裤,0,"该用户希望主播能赠送当前展示的同款内裤作为福利。  （结合前文多次出现""送同款""诉求及内衣类产品讨论，用户动机可能是通过弹幕互动争取免费赠品，或表达对产品的兴趣以促使主播开展抽奖活动。）"
140673020,生活日杂,送同款最好[龇牙],0,"该用户希望主播能赠送当前展示的同款产品作为福利。  （结合前文语境，""送同款""是高频诉求，用户通过表情符号强化了半开玩笑的期待，核心动机是表达对商品的兴趣并试探获取可能性。）"
140673020,生活日杂,送同款,0,该用户希望主播能赠送与展示商品相同的款式作为福利。
140673020,生活日杂,哪里领券,1,该用户想询问如何获取直播间提供的优惠券以便下单购买。
140673020,生活日杂,送同款内衣吧,0,"该用户希望主播能免费赠送直播间展示的同款内衣作为福利。  （结合前文语境，弹幕中频繁出现""送同款""相关诉求，且集中在内衣品类，可见用户受到直播氛围影响，试图通过弹幕互动争取赠品机会。）"
140673020,生活日杂,送同款内衣,0,该用户希望直播间能免费赠送当前展示的同款内衣作为福利。
140673020,生活日杂,床垫加,1,该用户可能想询问直播中是否有床垫相关的加购或优惠活动。
140673020,生活日杂,支持支持支持支持支持支持支持支持支持,0,该用户想表达的含义是：对主播或产品表示强烈的支持和认可。
140673020,生活日杂,支持支持支持支持支持,0,"该用户想通过重复的""支持""表达对主播或直播内容的强烈认可和鼓励，可能是受到前面其他用户""送同款""等互动弹幕的带动，想以简单直接的方式参与互动并营造氛围。"
140673020,生活日杂,@那片海,0,该用户可能在呼唤主播或某个特定观众（“那片海”）来参与互动或解答关于商品的问题。
140673020,生活日杂,这是啥玩意啊哈哈哈哈哈哈哈,0,该用户可能是在调侃或表达对直播商品的困惑和好奇，觉得产品介绍或展示方式有些滑稽或出乎意料。
140673020,生活日杂,你的鞋有了吗,1,该用户可能在询问主播展示的鞋子是否已经上架可供购买。
140673020,生活日杂,外套外套外套外套,1,该用户可能是急切地想要主播展示或讲解外套产品，或是表达对之前提到的外套款式的强烈兴趣和购买意愿。
140673020,生活日杂,推荐哪款,1,该用户是在询问主播针对当前展示的产品系列中，哪一款最值得购买或最适合推荐。
140673020,生活日杂,玩的真虚,0,该用户可能是在吐槽直播内容或促销活动缺乏诚意，觉得互动环节或优惠方式不够实在。
140673020,生活日杂,大胸可以穿吗,1,该用户可能是在询问某款内衣是否适合胸围较大的穿着者。
140673020,生活日杂,身穿的,0,该用户可能是在询问主播身上穿的衣服是否属于直播推荐的同款商品。
140673020,生活日杂,每次都这样,0,该用户可能是在抱怨直播间频繁出现类似“送同款”的弹幕，觉得每次都是同样的套路缺乏新意。
140673020,生活日杂,这个吊带有吗,1,该用户是在询问主播当前展示的吊带款式是否有货或是否在售。
140673020,生活日杂,颜色怎么弄,0,该用户可能在询问商品颜色的选择或搭配方法。
140673020,生活日杂,有肤色吗,1,该用户可能在询问商品是否有适合不同肤色的款式或颜色选择。
140673020,生活日杂,"哈哈,买了好几次,都是这个价[赞][赞][赞][赞]",0,该用户想表达的含义是：自己多次以这个价格购买过该产品，对性价比感到满意并给予积极评价。
140673020,生活日杂,大胸可以穿吗,1,该用户可能在询问这款内衣是否适合胸围较大的女性穿着。
140673020,生活日杂,@滢滢玥玥（*^▽^*）[捂脸][捂脸],0,该用户可能是主播的粉丝或熟人，用表情符号和昵称打招呼互动，表达亲切支持和轻松调侃的情绪。
140673020,生活日杂,吊带有吗,1,该用户是在询问直播间是否有售卖某款吊带服饰。
140673020,生活日杂,这个好看,1,该用户可能是在称赞当前展示的商品款式吸引人，并隐含了潜在的购买意愿。
140673020,生活日杂,你们都买什么颜色,1,该用户想询问其他观众选择的商品颜色作为自己的购买参考。
140673020,生活日杂,怎么选尺码,1,该用户想询问商品尺码的选择建议，可能是对某件展示的服装产生了兴趣但不确定如何挑选合适尺寸。
140673020,生活日杂,看看后面,1,该用户可能是对当前展示的商品不太感兴趣，想催促主播尽快介绍后面的款式或品类。
140673020,生活日杂,推荐颜色,1,该用户想询问主播推荐的服装颜色选择建议。
140673020,生活日杂,防晒衣,1,该用户可能在询问或关注直播间正在展示的防晒衣款式或相关信息。
140673020,生活日杂,怎么选码,1,该用户想询问如何根据自身情况选择合适的服装尺码。
140673020,生活日杂,给力,0,该用户想表达的含义是：对直播间的优惠力度或产品效果感到满意和兴奋。
140673020,生活日杂,"拍了好几单了,看见啥都想买",0,该用户想表达的含义是：自己已经下单多次，被直播间的商品吸引得忍不住持续消费。
140673020,生活日杂,白色看看,1,该用户想表达的含义是：想看看商品的白色款展示效果。
140673020,生活日杂,空调空调,1,该用户可能在催促主播展示或讲解空调产品，表达了对空调的强烈兴趣和购买意向。
140673020,生活日杂,大码的啥样,1,该用户想询问大码款式的具体外观或细节展示。
140673020,生活日杂,已拍加急,0,该用户想表达的含义是：我已经下单并选择了加急配送服务。
140673020,生活日杂,什么内裤呢,1,该用户可能在询问直播中展示的内裤款式或具体信息，表达了对该商品的潜在购买兴趣。
140673020,生活日杂,要外套外套,1,该用户急切想了解或购买直播中展示的外套款式。
140673020,生活日杂,看看白色白色,1,该用户想表达的含义是：希望主播展示或详细介绍商品的白色款式。
140673020,生活日杂,白色什么样,1,该用户想询问商品是否有白色款式并希望主播展示实物效果。
140673020,生活日杂,有防晒衣吗,1,该用户是在询问直播间是否有防晒衣这款商品可供购买。
140673020,生活日杂,几天发货,0,该用户想询问商品下单后的预计发货时间。
140673020,生活日杂,BC和DE什么意思,1,该用户可能在询问直播中提到的产品型号或款式的缩写含义，想了解具体指代哪类商品以便决定是否购买。
140673020,生活日杂,试穿几天,0,该用户想询问商品是否支持试用几天后再决定是否购买。
140673020,生活日杂,我要青色珍珠白,1,该用户想表达的是“我想要青色的珍珠白款式”。  （结合前文弹幕高频出现的颜色选择、尺码咨询等需求，用户可能在明确指定商品颜色偏好，且“珍珠白”可能是直播间提及的特定色号或商品名称的一部分。）
140673020,生活日杂,粉色看看,1,该用户想表达的含义是：想看一下粉色的商品展示效果。
140673020,生活日杂,外套外套外套外套外套外套外套外套外套外套外套外套外套外套外套外套外套,1,该用户急切地想要主播展示或介绍外套款式，可能是对之前提到的外套感兴趣或希望优先讲解该商品。
140673020,生活日杂,白色看看呗,1,该用户想表达的含义是：希望主播展示一下白色款式的商品实物效果。
140673020,生活日杂,B和D什么意思,1,该用户是在询问直播中提到的产品型号或选项“B”和“D”的具体含义或区别。
140673020,生活日杂,看看后面,1,该用户想表达的含义是：希望主播展示接下来要介绍的商品或款式。
140673020,生活日杂,有运费险吗,1,该用户关心商品是否提供退货运费保障，以此降低购买决策风险。
140673020,生活日杂,薄的嘛,1,该用户想询问当前展示的商品是否属于轻薄款。
140673020,生活日杂,的什么意思,0,该用户可能是对直播中提到的某个产品型号或术语感到困惑，想询问具体含义。
140673020,生活日杂,你有吗[捂脸],0,该用户可能是在询问主播是否有某款商品或某种颜色/款式的库存，并用“[捂脸]”表情表达急切或不好意思的心情。
140673020,生活日杂,立马就大了,0,该用户想表达的含义是：询问商品是否有加大尺码的选项。
140673020,生活日杂,BD什么意思,1,该用户想询问直播中提到的产品型号或分类缩写“BD”的具体含义，以便更好地了解商品信息。
140673020,生活日杂,预售款[捂脸][捂脸][捂脸],0,该用户可能是在看到预售商品信息后，因预售等待时间较长或流程复杂而感到无奈或调侃。
140673020,生活日杂,de啥意思,1,该用户是在询问直播间提到的商品型号或分类代码“DE”的具体含义。
140673020,生活日杂,BC都是什么意思,1,该用户想询问直播中提到的产品型号或分类代码“BC”具体指代什么内容。
140673020,生活日杂,真漂亮,1,该用户可能是在称赞展示商品的款式或外观吸引人。
140673020,生活日杂,拍到了,0,该用户想表达的含义是：自己成功下单购买了商品。
140673020,生活日杂,聚拢吗,1,该用户可能在询问商品是否具有聚拢效果（如内衣或特定款式的服装）。
140673020,生活日杂,怎么选,0,该用户可能在询问如何选择商品的具体款式或型号。
140673020,生活日杂,大胸穿的吗,1,该用户可能在询问某款内衣是否适合胸部较大的女性穿着。
140673020,生活日杂,码数怎么选,1,该用户想询问如何根据自身情况选择合适的服装尺码。
140673020,生活日杂,穿粉色,0,该用户想表达的含义是：想看看主播展示或推荐粉色款式的商品。
140673020,生活日杂,bc啥子意思,1,该用户想表达的含义是：询问直播中提到的字母缩写“BC”具体代表什么商品信息或选项。
140673020,生活日杂,去尿尿去吧[哼],0,该用户可能是在表达不耐烦或调侃的情绪，认为当前直播内容无关紧要或重复无趣，暗示主播可以暂时离开去做其他事情。
140673020,生活日杂,BCDE咋事,0,"该用户是在询问直播中提到的商品代号""BCDE""分别代表什么含义或具体指代哪些款式/功能。"
140673020,生活日杂,BC啥意思,1,该用户是在询问直播中提到的产品型号或分类缩写“BC”的具体含义，以便更好地了解商品信息从而做出购买决策。
140673020,生活日杂,皮衣皮衣皮衣皮衣皮衣皮衣皮衣皮衣皮衣皮衣皮衣,1,该用户想表达的含义是：反复强调对皮衣的强烈兴趣或催促主播展示/介绍皮衣产品。  （分析依据：前文弹幕高频出现产品咨询类内容如“薄的嘛”“码数怎么选”，且存在重复提问现象如多次询问“BC意思”，结合目标弹幕的极端重复形式，可推断用户以刷屏方式表达急切需求或吸引主播注意。）
140673020,生活日杂,怎么选吗,1,该用户想表达的含义是：询问如何选择合适的商品款式或尺码。
140673020,生活日杂,现货吗亲,1,该用户是在询问商品是否为现成库存、能否立即发货，表现出对购买时效性的关注和潜在的购买意向。
140673020,生活日杂,你大个毛线,0,该用户是在质疑主播关于尺码或款型的夸大描述，认为实际效果并不像宣传的那样明显。
140673020,生活日杂,粉色看看,1,该用户想表达的含义是：想看一下粉色款式的商品展示或详细介绍。  （结合前文语境，弹幕中多次出现关于款式、颜色（如“穿粉色”）、尺码等购买相关提问，且直播内容可能涉及服装类商品，因此“粉色看看”是典型的需求表达，指向对特定颜色商品的兴趣。）
140673020,生活日杂,DEBC是什么意思,1,该用户是想询问直播中提到的产品尺码或型号分类“DEBC”的具体定义。
140673020,生活日杂,喜欢这款,1,该用户想表达对当前展示商品的喜爱和潜在购买意向。
140673020,生活日杂,我现在F,0,该用户可能在询问商品尺码选项中的“F”码具体指代什么或是否适合自己。
140673020,生活日杂,是无磁的吗,1,该用户可能在询问产品是否具备无磁特性（例如饰品或医疗用品），结合前文对产品细节（如尺码、颜色、功能术语）的频繁提问，可推断其关注点在于确认商品材质或功能是否符合自身需求。
140673020,生活日杂,怎么选尺码,1,该用户想询问商品尺码的具体选择方法或建议。
140673020,生活日杂,白色看看,1,该用户想表达的含义是：想看看商品的白色款实物展示效果。
140673020,生活日杂,现货吗,1,该用户是在询问商品是否为现库存可立即发货的状态。
140673020,生活日杂,Bc什么意思,1,该用户是在询问直播中出现的缩写“Bc”具体指代什么产品特征或型号分类。
140673020,生活日杂,喜欢你,0,该用户想表达的含义是：对主播或当前展示的商品表示好感或兴趣。  （结合前文弹幕中频繁出现的款式、颜色、尺码等购物相关讨论，以及类似“喜欢这款”的明确兴趣表达，可推断“喜欢你”更可能指向对商品或主播风格的认可，而非单纯社交互动。）
140673020,生活日杂,BC啥意思,1,该用户可能在询问直播中提到的缩写“BC”的具体含义，试图理解产品信息或活动规则以便做出购买决策。
140673020,生活日杂,怎么选,0,该用户想询问如何挑选商品的款式或尺码。
140673020,生活日杂,几天发货,0,该用户想询问商品下单后的预计发货时间，表现出对购买流程的关注和潜在的购买意向。
140673020,生活日杂,你拿的是哪款Bc,1,"该用户想询问主播手中展示的具体产品型号或款式名称。  （结合语境分析：此前弹幕频繁出现对""BC""相关术语的疑问和产品细节讨论，用户显然在跟进直播内容并试图明确主播正在介绍的具体商品信息。）"
140673020,生活日杂,白看看,1,"该用户想表达的含义是：希望主播展示或详细介绍白色的商品款式。  （结合前文语境，""白色看看""曾出现，且类似""粉色看看""等弹幕表明用户对颜色选项的关注，因此""白看看""是简化表达，核心诉求是查看白色款式的实物效果或信息。）"
140673020,生活日杂,怎么买,0,该用户想询问具体的购买流程或下单方式。
140673020,生活日杂,怎么备注了,0,该用户可能在询问购买商品时如何添加备注信息（例如颜色、尺码等特殊要求）。
140673020,生活日杂,"好看,好看.[玫瑰][玫瑰][玫瑰][色][色][色]",0,该用户被展示的商品外观所吸引，表现出强烈的喜爱和购买意向。
140673020,生活日杂,bc通用,0,该用户可能在询问商品型号“BC”是否适用于通用款式或通用场景。
140673020,生活日杂,白色看看,1,该用户想表达的含义是：想看一下商品的白色款实物展示效果。
140673020,生活日杂,看看白色,1,该用户想表达对白色款商品的兴趣，希望主播展示或详细介绍该颜色选项。
140673020,生活日杂,外套外套,1,该用户可能在催促主播展示或详细介绍外套款式。
140673020,生活日杂,你穿的裤子有吗,1,该用户是在询问主播身上穿的裤子是否在售。
140673020,生活日杂,你的外套,1,该用户可能是在询问主播身上穿的外套是否在售或想了解其详情。
140673020,生活日杂,啥时候发货,0,该用户想询问商品的发货时间以确认是否能及时收到货。
140673020,生活日杂,要你外套,1,该用户想表达的含义是：对主播所穿的外套感兴趣并有意购买。
140673020,生活日杂,外套有吗,1,该用户是在询问直播间是否有外套产品在售，并表现出对主播展示的外套款式的兴趣。
140673020,生活日杂,有黄金吗,1,该用户可能在询问直播间是否有黄金类商品在售。
140673020,生活日杂,外套好看,1,该用户被主播展示的外套吸引，表达了对这款商品的喜爱和潜在购买意向。
140673020,生活日杂,要鞋子,1,该用户想表达的是对直播中展示的鞋子有购买意向，希望了解如何下单或获取更多产品信息。
140673020,生活日杂,你的外套有吗,1,该用户想询问主播身上穿的外套是否在售。
140673020,生活日杂,你跳舞好好看呢[愉快][愉快][愉快][赞][赞],0,该用户主要是在夸赞主播的舞蹈表现力，表达欣赏和喜爱之情，但并未直接表露购买意向。
140673020,生活日杂,真能憋,0,该用户可能是在抱怨主播迟迟不介绍或上架他们感兴趣的商品（比如外套），显得吊人胃口。
140673020,生活日杂,鞋子鞋子鞋子,1,该用户想表达的含义是：我想要购买主播展示的那款鞋子。
140673020,生活日杂,视频粉色裤子,1,该用户想表达的含义是：询问主播视频中展示的粉色裤子是否有售或能否展示详情。
140673020,生活日杂,有意思,0,该用户想表达的含义是：对直播内容或产品展示产生了兴趣和好感。
140673020,生活日杂,怎么选Bc,1,该用户想询问如何在B和C两个选项之间做出选择。
140673020,生活日杂,很好看,1,该用户想表达的含义是：对直播中展示的商品外观表示欣赏和喜爱。
140673020,生活日杂,提臀么,1,该用户可能在询问主播展示的裤子是否有提臀效果或款式设计。
140673020,生活日杂,有骆驼防嗮衣吗,1,该用户是在询问直播间是否有售卖骆驼品牌的防晒衣产品。
140673020,生活日杂,富丽堂皇的直播间美爆啦,0,该用户主要是在夸赞直播间的视觉布置非常华丽吸引人，而非直接表达对商品的购买兴趣。
140673020,生活日杂,女生皮衣有链接那,1,该用户想询问直播中展示的女士皮衣商品是否有购买链接。
140673020,生活日杂,你的外套外套外套,1,该用户想表达的含义是：想要询问主播身上穿的外套是否有售。
140673020,生活日杂,会卷边么,1,该用户可能是在询问商品（如外套或裤子）的边缘部分是否容易翘起或变形，以此评估产品的质量和实用性。
140673020,生活日杂,好款式!好品质!好价位,0,该用户被直播间的商品款式、质量和价格所打动，表达出强烈的认可和潜在购买意愿。
140673020,生活日杂,外套好看,1,该用户可能是在表达对主播展示的外套款式的喜爱，暗示有购买意向或希望了解更多产品信息。
140673020,生活日杂,孕妇能穿吗,1,该用户可能是想询问当前展示或讨论的商品是否适合孕妇穿着，表达了对商品适用性的潜在购买兴趣。
140673020,生活日杂,你的外套,1,该用户想询问主播身上所穿的外套是否有售或能否提供购买链接。
140673020,生活日杂,学习机,1,该用户可能是在询问直播间是否有学习机产品，或对展示的学习机表现出兴趣。
140673020,生活日杂,内衣debc啥意思,1,该用户可能是对直播中提到的内衣产品型号或分类代码“debc”感到困惑，想询问其具体含义以便进一步了解商品信息。
140673020,生活日杂,提臀呢,1,该用户可能是在询问主播展示的某件衣物（如裤子或内衣）是否具有提臀效果或设计。
140673020,生活日杂,卷边吗,1,该用户是在询问商品（可能是裤子或外套）是否会出现卷边现象，以评估其穿着效果和质量。
140673020,生活日杂,得买纯白,0,该用户想表达的是对纯白色款式的购买意向。  （结合前文弹幕中频繁出现对颜色、款式的讨论（如“视频粉色裤子”“外套好看”）以及直接的购买催促（如“鞋子鞋子鞋子”“有链接那”），可推断用户被直播商品吸引，明确想购买纯白色单品。）
140673020,生活日杂,都好看,1,该用户想表达的含义是：对当前展示的多款商品都感到满意，难以抉择。
140673020,生活日杂,内衣什么时候发货,0,该用户可能在确认商品物流时效，表现出对内衣产品的购买意向或已下单后的关切。
140673020,生活日杂,支持支持支持支持,0,该用户想表达的含义是：对主播或产品表示高度认可和鼓励。
140673020,生活日杂,我有病了,0,该用户想表达的含义是：我被这款产品吸引到无法自拔了。  （结合前文弹幕高频提及产品细节和购买意向，此处“有病”更可能是夸张表达对商品的强烈喜爱或冲动消费心理，类似网络流行语“我疯了/我上头了”。）
140673020,生活日杂,遇见张大庆今天真高兴,0,该用户可能是看到主播或直播间氛围感到兴奋，表达对当前直播内容的喜爱和愉悦心情。
140673020,生活日杂,外套好看[赞],1,该用户是在称赞主播展示的外套款式吸引人，暗示对这件商品有购买意向。
140673020,生活日杂,你的外套有么亲,1,该用户是在询问主播身上穿的外套是否有货并寻求购买链接。
140673020,生活日杂,支持支持支持支持支持支持支持支持,0,该用户想表达的含义是：通过重复刷屏的方式对主播或商品表示强烈支持和认可。
140673020,生活日杂,你外套有吗,1,该用户想询问主播展示的外套是否有货或购买链接。
140673020,生活日杂,独立包装吗,1,该用户是在询问商品是否为单独包装，可能出于对卫生、便携性或送礼需求的考虑。
140673020,生活日杂,能看出尴尬线吗,1,该用户可能在询问产品（可能是内衣或外套）的接缝或线条是否明显，担心穿着时会显得不自然或尴尬。
140673020,生活日杂,精工制作、精良品质、值得信赖!值得拥有!,0,该用户想表达的含义是：对产品的工艺和质量高度认可，并暗示有强烈的购买意愿。
140673020,生活日杂,这个可以,0,该用户可能是在对主播展示的某件商品表示认可，暗示自己有兴趣购买或认为该商品不错。
140673020,生活日杂,外套外套外套外套外套外套外套外套外套外套,1,该用户急切地询问主播关于外套的详细信息或购买链接。
140673020,生活日杂,赞赞赞赞赞赞赞赞赞赞?,0,该用户想表达的含义是：对主播展示的外套款式表示高度认可和喜爱。
140673020,生活日杂,外套外套外套外套外套外套外套外套外套外,1,"该用户急切地询问主播关于外套的详细信息或购买链接。  （高频重复关键词""外套""体现强烈兴趣，结合前文其他用户对同款外套的询问（""外套好看""""你外套有吗""），可推断这是直播间正在展示的热门商品，用户通过刷屏方式试图引起主播注意。）"
140673020,生活日杂,腰子低,0,该用户可能是想询问或调侃主播展示的外套是否属于低腰款式。
140673020,生活日杂,这还能试穿,0,该用户可能是在询问商品是否支持试穿服务，或者对直播中展示的服装能否实际体验表示兴趣。
140673020,生活日杂,支持支持支持支持支持,0,该用户想表达的含义是：对主播或商品表示强烈的认可和鼓励。
140673020,生活日杂,外套外套外套外套外套外套外套外套外套外套外套外套外套外套外套外套外套外,1,该用户想表达的含义是：强烈询问或催促主播展示/介绍外套产品。
140673020,生活日杂,要你穿的外套好看,1,该用户想表达的含义是：主播穿的那款外套很吸引人，自己也想购买同款。
140673020,生活日杂,支持支持支持,0,该用户想表达的含义是：对主播或产品表示积极的鼓励和认可。
140673020,生活日杂,有抽纸吗,1,该用户是在询问直播间是否有抽纸产品在售。
140673020,生活日杂,提臀吗,1,该用户可能在询问主播展示的服装是否具有提臀效果或设计。
140673020,生活日杂,给力给力给力给力,0,该用户想表达的含义是：对主播展示的商品或直播内容感到非常兴奋和认可。
140673020,生活日杂,奥利给[赞],0,该用户想表达的含义是：对主播展示的外套表示强烈的赞赏和支持。  （结合前文弹幕高频提及“外套”和大量点赞类互动，可推断“奥利给[赞]”是情绪化的正面反馈，可能是对产品、主播表现或直播氛围的认可。）
140673020,生活日杂,[火][火][火]生意兴隆,0,该用户是在用热情的表情符号和祝福语为直播间烘托气氛，但并未直接表达对具体商品的购买意向。
140673020,生活日杂,给力给力给力给力给力给力,0,该用户想表达的含义是：对直播内容或产品表现感到非常兴奋和认可。
140673020,生活日杂,给力给力给力给力给力,0,该用户想通过重复的“给力”表达对直播内容或产品的强烈认可和兴奋情绪，可能是受到主播展示的商品效果或优惠活动的感染。
140673020,生活日杂,还得是硕姐选品,0,该用户想表达的含义是：认可主播的选品眼光和推荐质量。
140673020,生活日杂,卷边吗,1,该用户是在询问商品（可能是外套）的衣边是否会卷起或翘边，以此判断衣服的版型和做工质量。
140673020,生活日杂,有高腰的吗,1,该用户想询问直播展示的商品是否有高腰款式可供选择。
140673020,生活日杂,哪里领券,1,该用户想表达的含义是：询问如何获取优惠券以便下单购买。
140673020,生活日杂,看看后边,1,该用户想表达的含义是：希望主播继续展示后续的商品款式或品类。
140673020,生活日杂,防晒衣,1,该用户可能在询问或暗示对直播间展示的防晒衣产品感兴趣，想了解相关款式或功能信息。
140673020,生活日杂,冲锋衣,1,该用户可能是对直播中提到的冲锋衣产品产生了兴趣，想询问或确认相关款式信息。
140673020,生活日杂,硕姐牛逼,0,该用户想表达的含义是：对主播硕姐的选品能力或表现表示高度赞赏和认可。
140673020,生活日杂,要你的外套好看,1,该用户想表达的是对主播展示的外套款式感兴趣，暗示自己也想购买同款。
140673020,生活日杂,支持支持支持支持,0,该用户想表达的含义是：通过重复刷屏的方式表达对主播或直播内容的强烈支持和喜爱。  （结合前文语境，直播间氛围热烈，观众多以简短重复的弹幕互动，目标用户的行为符合群体中的情感附和模式，而非具体的购买意向表达。）
140673020,生活日杂,外套外套外套外套外套外套外套外套外套外套外套外套外套外套,1,该用户想表达的含义是：强烈要求主播展示或介绍外套这款商品。  （结合前文高频重复的“外套”关键词及其他用户对服装款式的询问，可推断目标用户通过刷屏方式强调对“外套”的关注，可能是催促讲解、询问细节或表达购买意向。）
140673020,生活日杂,柔软吗,1,该用户想询问直播展示的商品材质是否舒适亲肤。
140673020,生活日杂,你的外套,1,该用户想表达的含义是：询问主播身上穿的外套是否在售或对其款式感兴趣。  （结合前文高频出现的“外套”相关弹幕及购买意向类提问，可推断用户关注点集中在服装类商品，尤其是主播同款外套的购买可能性。）
140673020,生活日杂,发几条,1,该用户可能在催促主播多发几条商品链接或增加库存数量。
140673020,生活日杂,能选颜色吗,1,该用户是在询问商品是否有多种颜色可选，表现出对产品具体属性的关注和潜在的购买意向。
140673020,生活日杂,看看后面,1,该用户想表达的含义是：希望主播继续展示后续的商品款式或品类。
140673020,生活日杂,看看颜色,1,该用户想表达的含义是：希望主播展示商品的可选颜色款式。  （结合前文弹幕中频繁提及具体商品细节如“高腰”“卷边”“外套”以及直接询问“能选颜色吗”，可推断用户关注商品属性，此处“看看颜色”是进一步要求视觉确认颜色选项的购买意向表达。）
140673020,生活日杂,男士的内裤呢,1,该用户是在询问直播间是否有男士内裤这一商品。
140673020,生活日杂,防晒衣,1,该用户可能是想询问或确认直播间是否在展示或推荐防晒衣产品。
140673020,生活日杂,外套好看,1,"该用户想表达的含义是：对主播展示的外套款式表示赞赏并可能产生购买意向。  （结合前文高频出现的""外套""相关讨论及""要你的外套好看""等互动，可推断当前弹幕是在延续观众对外套产品的关注热潮，属于兴趣型反馈而非单纯评价）"
140673020,生活日杂,你的裤子有吗,1,该用户是在询问主播身上穿的裤子是否有同款在售。
140673020,生活日杂,美背美背,1,该用户想表达的含义是：希望主播展示或介绍衣服的背部设计细节。
140673020,生活日杂,自行车自行车自行车,1,该用户想表达的含义是：强烈要求主播展示或介绍自行车产品。
140673020,生活日杂,春风衣有吗,1,该用户是在询问直播间是否有售卖春风款式的外衣。
140673020,生活日杂,外套外套外套,1,该用户想表达的含义是：强烈关注并想进一步了解主播展示的外套款式或购买细节。
140673020,生活日杂,颜色能选吗,1,该用户是在询问商品是否有多种颜色可供选择，表现出对产品外观的定制化需求。
140673020,生活日杂,外套外套外套外套外套外套,1,该用户想表达的含义是：强烈关注并希望主播详细介绍或展示这款外套。
140673020,生活日杂,有卫衣吗,1,该用户是在询问直播间是否有卫衣这款商品可供购买。
140673020,生活日杂,你的外套有吗,1,该用户是在询问主播展示的外套是否有货或是否在售。
140673020,生活日杂,外套有吗,1,该用户是在询问直播间是否有外套类商品在售。
140673020,生活日杂,男生可以穿吗,1,该用户是在询问当前展示的商品是否适合男性穿着，可能担心款式或设计偏女性化。
140673020,生活日杂,我拍了全要黑色,1,该用户想表达自己已经下单购买了商品，并且选择了全黑色款。
140673020,生活日杂,漂亮赞赞赞,0,该用户是在称赞主播展示的某件商品（很可能是外套或服装类）外观吸引人，表达对商品的喜爱和认可。
140673020,生活日杂,可以试穿吗,1,该用户想询问商品是否支持实际试穿以确认上身效果。
140673020,生活日杂,我也想穿,0,该用户看到直播中展示的某款服饰后产生了强烈的购买欲望，表达自己也想要拥有同款衣物的意愿。
140673020,生活日杂,@无谓山海应该可以[捂脸],0,该用户可能是在回应某个商品推荐或询问，以轻松调侃的语气表示认同或觉得可以考虑购买。
140673020,生活日杂,外套外套,1,该用户急切地询问主播是否有外套在售，并希望得到详细介绍或购买链接。
140673020,生活日杂,想要你的外套,1,该用户表达的是对主播展示的外套有强烈的购买意愿。
140673020,生活日杂,外套有吗,1,该用户是在询问直播间是否有外套商品在售，并表现出明确的购买意向。
